{
  "height": 224,
  "id": 3581568,
  "width": 397.3333333333333,
  "x": 441.3333333333333,
  "y": 184,
  "z": 9000
}