{
  "height": 88,
  "id": 6348198,
  "width": 192.66666666666666,
  "x": 850.6666666666666,
  "y": 64,
  "z": 6000
}