{
  "height": 88,
  "id": 9528740,
  "width": 192.66666666666666,
  "x": 1055.3333333333333,
  "y": 64,
  "z": 7000
}