{
  "height": 88,
  "id": 1339587,
  "width": 192.66666666666666,
  "x": 236.66666666666666,
  "y": 64,
  "z": 3000
}