{
  "height": 224,
  "id": 5332060,
  "width": 802.6666666666666,
  "x": 445.3333333333333,
  "y": 184,
  "z": 9000
}