{
  "height": 244,
  "id": 6390316,
  "width": 397.3333333333333,
  "x": 441.3333333333333,
  "y": 436,
  "z": 9000
}