{
  "height": 224,
  "id": 7880642,
  "width": 397.3333333333333,
  "x": 850.6666666666666,
  "y": 184,
  "z": 8000
}