{
  "height": 224,
  "id": 1023745,
  "width": 397.3333333333333,
  "x": 441.3333333333333,
  "y": 184,
  "z": 9000
}