{
  "height": 176,
  "id": 1210036,
  "width": 397.3333333333333,
  "x": 441.3333333333333,
  "y": 72,
  "z": 3000
}