{
  "height": 176,
  "id": 22058,
  "width": 397.3333333333333,
  "x": 850.6666666666666,
  "y": 72,
  "z": 4000
}