{
  "height": 244,
  "id": 1663653,
  "width": 806.6666666666666,
  "x": 441.3333333333333,
  "y": 436,
  "z": 12000
}