{
  "height": 224,
  "id": 9999725,
  "width": 397.3333333333333,
  "x": 441.3333333333333,
  "y": 184,
  "z": 10000
}