{
  "height": 176,
  "id": 4779144,
  "width": 397.3333333333333,
  "x": 850.6666666666666,
  "y": 286,
  "z": 7000
}