{
  "height": 157.33333333333334,
  "id": 8863791,
  "width": 420.0,
  "x": 828.0,
  "y": 522.6666666666667,
  "z": 13000
}