{
  "height": 88,
  "id": 2517474,
  "width": 192.66666666666666,
  "x": 441.3333333333333,
  "y": 64,
  "z": 4000
}