{
  "height": 224,
  "id": 4072174,
  "width": 397.3333333333333,
  "x": 850.6666666666666,
  "y": 184,
  "z": 10000
}