{
  "height": 244,
  "id": 954544,
  "width": 397.3333333333333,
  "x": 850.6666666666666,
  "y": 436,
  "z": 10000
}