{
  "height": 224,
  "id": 2960597,
  "width": 802.6666666666666,
  "x": 445.3333333333333,
  "y": 184,
  "z": 10000
}