{
  "height": 224,
  "id": 7655871,
  "width": 397.3333333333333,
  "x": 441.3333333333333,
  "y": 184,
  "z": 8000
}