{
  "height": 157.33333333333334,
  "id": 2112007,
  "width": 420.0,
  "x": 828.0,
  "y": 353.33333333333337,
  "z": 11000
}