{
  "height": 176,
  "id": 4971464,
  "width": 397.3333333333333,
  "x": 441.3333333333333,
  "y": 286,
  "z": 6000
}